chrom	source	type	start	end	score	strand	phase	attributes	gene_name
chr1	Liftoff	gene	1095940	1127231	.	-	.	ID=SLC35E2B;gene_name=SLC35E2B;db_xref=MIM:619315;description=solute carrier family 35 member E2B;gbkey=Gene;gene=SLC35E2B;gene_biotype=protein_coding;gene_synonym=SLC35E2;coverage=0.997;sequence_ID=0.995;valid_ORFs=2;extra_copy_number=0;copy_num_ID=SLC35E2B_0	SLC35E2B
chr1	Liftoff	gene	1107723	1108875	.	+	.	ID=LOC100288379;gene_name=LOC100288379;db_xref=GeneID:100288379;description=ribosomal protein S7 pseudogene;gbkey=Gene;gene=LOC100288379;gene_biotype=pseudogene;pseudo=true;coverage=1.0;sequence_ID=1.0;extra_copy_number=0;copy_num_ID=LOC100288379_0	LOC100288379
chr1	Liftoff	gene	1161752	1180438	.	-	.	ID=SLC35E2A;gene_name=SLC35E2A;db_xref=HGNC:HGNC:20863;description=solute carrier family 35 member E2A;gbkey=Gene;gene=SLC35E2A;gene_biotype=transcribed_pseudogene;gene_synonym=SLC35E2;pseudo=true;coverage=1.0;sequence_ID=0.995;extra_copy_number=0;copy_num_ID=SLC35E2A_0	SLC35E2A
chr1	Liftoff	gene	1170200	1171667	.	+	.	ID=LOC100129381;gene_name=LOC100129381;db_xref=GeneID:100129381;description=ribosomal protein S7 pseudogene;gbkey=Gene;gene=LOC100129381;gene_biotype=pseudogene;pseudo=true;coverage=0.996;sequence_ID=0.994;extra_copy_number=0;copy_num_ID=LOC100129381_0	LOC100129381
chr1	Liftoff	gene	5518502	5626866	.	+	.	ID=KCNAB2;gene_name=KCNAB2;db_xref=MIM:601142;description=potassium voltage-gated channel subfamily A regulatory beta subunit 2;gbkey=Gene;gene=KCNAB2;gene_biotype=protein_coding;gene_synonym=KV-BETA-2;coverage=1.0;sequence_ID=0.998;valid_ORFs=15;extra_copy_number=0;copy_num_ID=KCNAB2_0	KCNAB2
chr1	Liftoff	gene	5610942	5612058	.	+	.	ID=LOC124903831;gene_name=LOC124903831;db_xref=GeneID:124903831;gbkey=Gene;gene=LOC124903831;gene_biotype=lncRNA;coverage=1.0;sequence_ID=0.996;extra_copy_number=0;copy_num_ID=LOC124903831_0	LOC124903831
chr1	Liftoff	gene	8438686	8460578	.	-	.	ID=LOC112268261;gene_name=LOC112268261;db_xref=GeneID:112268261;gbkey=Gene;gene=LOC112268261;gene_biotype=lncRNA;coverage=1.0;sequence_ID=0.998;extra_copy_number=0;copy_num_ID=LOC112268261_0	LOC112268261
chr1	Liftoff	gene	23374451	23408283	.	+	.	ID=LOC124903876;gene_name=LOC124903876;db_xref=GeneID:124903876;gbkey=Gene;gene=LOC124903876;gene_biotype=lncRNA;coverage=1.0;sequence_ID=0.997;extra_copy_number=0;copy_num_ID=LOC124903876_0	LOC124903876
chr1	Liftoff	gene	23392495	23394070	.	-	.	ID=ID3;gene_name=ID3;db_xref=MIM:600277;description=inhibitor of DNA binding 3%2C HLH protein;gbkey=Gene;gene=ID3;gene_biotype=protein_coding;gene_synonym=HEIR-1;coverage=1.0;sequence_ID=0.997;valid_ORFs=1;extra_copy_number=0;copy_num_ID=ID3_0	ID3
chr1	Liftoff	gene	37395752	37403503	.	+	.	ID=LOC105378649;gene_name=LOC105378649;db_xref=GeneID:105378649;gbkey=Gene;gene=LOC105378649;gene_biotype=lncRNA;coverage=1.0;sequence_ID=0.998;extra_copy_number=0;copy_num_ID=LOC105378649_0	LOC105378649
chr1	Liftoff	gene	37399180	37419043	.	-	.	ID=SNIP1;gene_name=SNIP1;db_xref=MIM:608241;description=Smad nuclear interacting protein 1;gbkey=Gene;gene=SNIP1;gene_biotype=protein_coding;gene_synonym=PMRED;coverage=1.0;sequence_ID=0.993;valid_ORFs=1;extra_copy_number=0;copy_num_ID=SNIP1_0	SNIP1
chr1	Liftoff	gene	42441302	42546301	.	-	.	ID=LOC124904162;gene_name=LOC124904162;db_xref=GeneID:124904162;gbkey=Gene;gene=LOC124904162;gene_biotype=lncRNA;coverage=1.0;sequence_ID=0.999;extra_copy_number=0;copy_num_ID=LOC124904162_0	LOC124904162
chr1	Liftoff	gene	42528918	42552149	.	+	.	ID=PPIH;gene_name=PPIH;db_xref=MIM:606095;description=peptidylprolyl isomerase H;gbkey=Gene;gene=PPIH;gene_biotype=protein_coding;gene_synonym=USA-CYP;coverage=1.0;sequence_ID=1.0;valid_ORFs=4;extra_copy_number=0;copy_num_ID=PPIH_0	PPIH
chr1	Liftoff	gene	44275703	44522650	.	+	.	ID=RNF220;gene_name=RNF220;db_xref=MIM:616136;description=ring finger protein 220;gbkey=Gene;gene=RNF220;gene_biotype=protein_coding;gene_synonym=HLD23;coverage=1.0;sequence_ID=0.998;valid_ORFs=17;extra_copy_number=0;copy_num_ID=RNF220_0	RNF220
chr1	Liftoff	gene	44506164	44520592	.	-	.	ID=LOC107984950;gene_name=LOC107984950;db_xref=GeneID:107984950;gbkey=Gene;gene=LOC107984950;gene_biotype=lncRNA;coverage=0.999;sequence_ID=0.998;extra_copy_number=0;copy_num_ID=LOC107984950_0	LOC107984950
chr1	Liftoff	gene	50847761	50849980	.	-	.	ID=LOC124904176;gene_name=LOC124904176;db_xref=GeneID:124904176;gbkey=Gene;gene=LOC124904176;gene_biotype=protein_coding;coverage=1.0;sequence_ID=0.998;valid_ORFs=1;extra_copy_number=0;copy_num_ID=LOC124904176_0	LOC124904176
chr1	Liftoff	gene	50848587	50854515	.	+	.	ID=CDKN2C;gene_name=CDKN2C;db_xref=MIM:603369;description=cyclin dependent kinase inhibitor 2C;gbkey=Gene;gene=CDKN2C;gene_biotype=protein_coding;gene_synonym=p18-INK4C;coverage=1.0;sequence_ID=1.0;valid_ORFs=2;extra_copy_number=0;copy_num_ID=CDKN2C_0	CDKN2C
chr1	Liftoff	gene	52304743	52434931	.	-	.	ID=TUT4;gene_name=TUT4;db_xref=MIM:613692;description=terminal uridylyl transferase 4;gbkey=Gene;gene=TUT4;gene_biotype=protein_coding;gene_synonym=ZCCHC11;coverage=1.0;sequence_ID=1.0;valid_ORFs=51;extra_copy_number=0;copy_num_ID=TUT4_0	TUT4
chr1	Liftoff	gene	52412850	52434305	.	+	.	ID=LOC105378723;gene_name=LOC105378723;db_xref=GeneID:105378723;gbkey=Gene;gene=LOC105378723;gene_biotype=lncRNA;coverage=1.0;sequence_ID=1.0;extra_copy_number=0;copy_num_ID=LOC105378723_0	LOC105378723
chr1	Liftoff	gene	52510243	52514977	.	-	.	ID=LOC124904178;gene_name=LOC124904178;db_xref=GeneID:124904178;gbkey=Gene;gene=LOC124904178;gene_biotype=lncRNA;coverage=1.0;sequence_ID=0.997;extra_copy_number=0;copy_num_ID=LOC124904178_0	LOC124904178
chr1	Liftoff	gene	52514310	52551222	.	+	.	ID=SHISAL2A;gene_name=SHISAL2A;db_xref=HGNC:HGNC:28757;description=shisa like 2A;gbkey=Gene;gene=SHISAL2A;gene_biotype=protein_coding;gene_synonym=WWLS2783;coverage=0.999;sequence_ID=0.997;valid_ORFs=3;extra_copy_number=0;copy_num_ID=SHISAL2A_0	SHISAL2A
chr1	Liftoff	gene	52777434	52803290	.	-	.	ID=ECHDC2;gene_name=ECHDC2;db_xref=HGNC:HGNC:23408;description=enoyl-CoA hydratase domain containing 2;gbkey=Gene;gene=ECHDC2;gene_biotype=protein_coding;coverage=1.0;sequence_ID=0.999;valid_ORFs=19;extra_copy_number=0;copy_num_ID=ECHDC2_0	ECHDC2
chr1	Liftoff	gene	52801921	52803509	.	+	.	ID=LOC112268226;gene_name=LOC112268226;db_xref=GeneID:112268226;gbkey=Gene;gene=LOC112268226;gene_biotype=pseudogene;pseudo=true;coverage=1.0;sequence_ID=0.999;extra_copy_number=0;copy_num_ID=LOC112268226_0	LOC112268226
chr1	Liftoff	gene	53123827	53210280	.	-	.	ID=LRP8;gene_name=LRP8;db_xref=MIM:602600;description=LDL receptor related protein 8;gbkey=Gene;gene=LRP8;gene_biotype=protein_coding;gene_synonym=MCI1;coverage=1.0;sequence_ID=0.997;valid_ORFs=4;extra_copy_number=0;copy_num_ID=LRP8_0	LRP8
chr1	Liftoff	gene	53132363	53152306	.	+	.	ID=LOC105378728;gene_name=LOC105378728;db_xref=GeneID:105378728;gbkey=Gene;gene=LOC105378728;gene_biotype=lncRNA;coverage=0.999;sequence_ID=0.998;extra_copy_number=0;copy_num_ID=LOC105378728_0	LOC105378728
chr1	Liftoff	gene	88885160	88942843	.	+	.	ID=LOC105378841;gene_name=LOC105378841;db_xref=GeneID:105378841;gbkey=Gene;gene=LOC105378841;gene_biotype=lncRNA;coverage=0.991;sequence_ID=0.989;extra_copy_number=0;copy_num_ID=LOC105378841_0	LOC105378841
chr1	Liftoff	gene	88895700	88908571	.	-	.	ID=GBP1;gene_name=GBP1;db_xref=MIM:600411;description=guanylate binding protein 1;gbkey=Gene;gene=GBP1;gene_biotype=protein_coding;coverage=1.0;sequence_ID=0.998;valid_ORFs=1;extra_copy_number=0;copy_num_ID=GBP1_0	GBP1
chr1	Liftoff	gene	88949485	88969475	.	-	.	ID=GBP2;gene_name=GBP2;db_xref=MIM:600412;description=guanylate binding protein 2;gbkey=Gene;gene=GBP2;gene_biotype=protein_coding;coverage=1.0;sequence_ID=0.998;valid_ORFs=1;extra_copy_number=0;copy_num_ID=GBP2_0	GBP2
chr1	Liftoff	gene	88961139	88968592	.	+	.	ID=LOC112268267;gene_name=LOC112268267;db_xref=GeneID:112268267;gbkey=Gene;gene=LOC112268267;gene_biotype=lncRNA;coverage=1.0;sequence_ID=0.998;extra_copy_number=0;copy_num_ID=LOC112268267_0	LOC112268267
chr1	Liftoff	gene	89080787	89146355	.	+	.	ID=LOC100421401;gene_name=LOC100421401;db_xref=GeneID:100421401;description=guanylate binding protein family member 6 pseudogene;gbkey=Gene;gene=LOC100421401;gene_biotype=pseudogene;pseudo=true;coverage=0.999;sequence_ID=0.998;extra_copy_number=0;copy_num_ID=LOC100421401_0	LOC100421401
chr1	Liftoff	gene	89099549	89116218	.	-	.	ID=GBP5;gene_name=GBP5;db_xref=MIM:611467;description=guanylate binding protein 5;gbkey=Gene;gene=GBP5;gene_biotype=protein_coding;gene_synonym=GBP-5;coverage=1.0;sequence_ID=0.999;valid_ORFs=3;extra_copy_number=0;copy_num_ID=GBP5_0	GBP5
chr1	Liftoff	gene	91345496	91370396	.	+	.	ID=CDC7;gene_name=CDC7;db_xref=MIM:603311;description=cell division cycle 7;gbkey=Gene;gene=CDC7;gene_biotype=protein_coding;gene_synonym=huCDC7;coverage=0.999;sequence_ID=0.998;valid_ORFs=17;extra_copy_number=0;copy_num_ID=CDC7_0	CDC7
chr1	Liftoff	gene	91363175	91414103	.	-	.	ID=LOC102723436;gene_name=LOC102723436;db_xref=GeneID:102723436;gbkey=Gene;gene=LOC102723436;gene_biotype=lncRNA;coverage=1.0;sequence_ID=0.999;extra_copy_number=0;copy_num_ID=LOC102723436_0	LOC102723436
chr1	Liftoff	gene	99697491	99772284	.	+	.	ID=AGL;gene_name=AGL;db_xref=MIM:610860;description=amylo-alpha-1%2C 6-glucosidase%2C 4-alpha-glucanotransferase;gbkey=Gene;gene=AGL;gene_biotype=protein_coding;gene_synonym=GDE;coverage=1.0;sequence_ID=1.0;valid_ORFs=7;extra_copy_number=0;copy_num_ID=AGL_0	AGL
chr1	Liftoff	gene	99761458	99886124	.	-	.	ID=LOC124904230;gene_name=LOC124904230;db_xref=GeneID:124904230;gbkey=Gene;gene=LOC124904230;gene_biotype=lncRNA;coverage=1.0;sequence_ID=1.0;extra_copy_number=0;copy_num_ID=LOC124904230_0	LOC124904230
chr1	Liftoff	gene	99818116	99883750	.	+	.	ID=SLC35A3;gene_name=SLC35A3;db_xref=MIM:605632;description=solute carrier family 35 member A3;gbkey=Gene;gene=SLC35A3;gene_biotype=protein_coding;gene_synonym=AMRS;coverage=1.0;sequence_ID=1.0;valid_ORFs=13;extra_copy_number=0;copy_num_ID=SLC35A3_0	SLC35A3
chr1	Liftoff	gene	120332844	120355906	.	+	.	ID=LOC124904391;gene_name=LOC124904391;db_xref=GeneID:124904391;gbkey=Gene;gene=LOC124904391;gene_biotype=transcribed_pseudogene;pseudo=true;coverage=0.999;sequence_ID=0.999;extra_copy_number=0;copy_num_ID=LOC124904391_0	LOC124904391
chr1	Liftoff	gene	120921611	120965202	.	+	.	ID=LINC00623;gene_name=LINC00623;db_xref=HGNC:HGNC:44252;description=long intergenic non-protein coding RNA 623;gbkey=Gene;gene=LINC00623;gene_biotype=lncRNA;gene_synonym=CH17-118O6.2;coverage=1.0;sequence_ID=1.0;extra_copy_number=0;copy_num_ID=LINC00623_0	LINC00623
chr1	Liftoff	gene	120922732	120923505	.	-	.	ID=LOC100996720;gene_name=LOC100996720;db_xref=GeneID:100996720;description=uncharacterized LOC100996720;gbkey=Gene;gene=LOC100996720;gene_biotype=lncRNA;coverage=1.0;sequence_ID=0.998;extra_copy_number=0;copy_num_ID=LOC100996720_0	LOC100996720
chr1	Liftoff	gene	146347450	146374380	.	+	.	ID=LINC01138;gene_name=LINC01138;db_xref=HGNC:HGNC:49454;description=long intergenic non-protein coding RNA 1138;gbkey=Gene;gene=LINC01138;gene_biotype=lncRNA;gene_synonym=LINC00875;coverage=1.0;sequence_ID=0.998;extra_copy_number=0;copy_num_ID=LINC01138_0	LINC01138
chr1	Liftoff	gene	146370398	146372487	.	-	.	ID=LOC647481;gene_name=LOC647481;db_xref=GeneID:647481;description=family with sequence similarity 91 member A1 pseudogene;gbkey=Gene;gene=LOC647481;gene_biotype=pseudogene;pseudo=true;coverage=0.988;sequence_ID=0.987;extra_copy_number=0;copy_num_ID=LOC647481_0	LOC647481
chr1	Liftoff	gene	152670698	152674931	.	+	.	ID=LOC124904423;gene_name=LOC124904423;db_xref=GeneID:124904423;gbkey=Gene;gene=LOC124904423;gene_biotype=lncRNA;coverage=1.0;sequence_ID=1.0;extra_copy_number=0;copy_num_ID=LOC124904423_0	LOC124904423
chr1	Liftoff	gene	152674403	152680941	.	-	.	ID=S100A5;gene_name=S100A5;db_xref=MIM:176991;description=S100 calcium binding protein A5;gbkey=Gene;gene=S100A5;gene_biotype=protein_coding;gene_synonym=S100D;coverage=1.0;sequence_ID=1.0;valid_ORFs=7;extra_copy_number=0;copy_num_ID=S100A5_0	S100A5
chr1	Liftoff	gene	154798015	154827559	.	-	.	ID=YY1AP1;gene_name=YY1AP1;db_xref=MIM:607860;description=YY1 associated protein 1;gbkey=Gene;gene=YY1AP1;gene_biotype=protein_coding;gene_synonym=YY1AP;coverage=1.0;sequence_ID=0.999;valid_ORFs=12;extra_copy_number=0;copy_num_ID=YY1AP1_0	YY1AP1
chr1	Liftoff	gene	154826511	154877880	.	+	.	ID=DAP3;gene_name=DAP3;db_xref=MIM:602074;description=death associated protein 3;gbkey=Gene;gene=DAP3;gene_biotype=protein_coding;gene_synonym=S29mt;coverage=1.0;sequence_ID=0.998;valid_ORFs=18;extra_copy_number=0;copy_num_ID=DAP3_0	DAP3
chr1	Liftoff	gene	154826774	154827651	.	+	.	ID=LOC124904430;gene_name=LOC124904430;db_xref=GeneID:124904430;gbkey=Gene;gene=LOC124904430;gene_biotype=pseudogene;pseudo=true;coverage=1.0;sequence_ID=0.998;extra_copy_number=0;copy_num_ID=LOC124904430_0	LOC124904430
chr1	Liftoff	gene	158137044	158192189	.	+	.	ID=IFI16;gene_name=IFI16;db_xref=MIM:147586;description=interferon gamma inducible protein 16;gbkey=Gene;gene=IFI16;gene_biotype=protein_coding;gene_synonym=PYHIN2;coverage=0.999;sequence_ID=0.998;valid_ORFs=12;extra_copy_number=0;copy_num_ID=IFI16_0	IFI16
chr1	Liftoff	gene	158149575	158151116	.	-	.	ID=LOC124904432;gene_name=LOC124904432;db_xref=GeneID:124904432;gbkey=Gene;gene=LOC124904432;gene_biotype=lncRNA;coverage=0.998;sequence_ID=0.995;extra_copy_number=0;copy_num_ID=LOC124904432_0	LOC124904432
chr1	Liftoff	gene	159055181	159062575	.	-	.	ID=TAGLN2;gene_name=TAGLN2;db_xref=MIM:604634;description=transgelin 2;gbkey=Gene;gene=TAGLN2;gene_biotype=protein_coding;gene_synonym=HA1756;coverage=1.0;sequence_ID=1.0;valid_ORFs=3;extra_copy_number=0;copy_num_ID=TAGLN2_0	TAGLN2
chr1	Liftoff	gene	159060946	159064009	.	+	.	ID=LOC124904437;gene_name=LOC124904437;db_xref=GeneID:124904437;gbkey=Gene;gene=LOC124904437;gene_biotype=lncRNA;coverage=1.0;sequence_ID=0.998;extra_copy_number=0;copy_num_ID=LOC124904437_0	LOC124904437
chr1	Liftoff	gene	159815851	159848940	.	-	.	ID=CD48;gene_name=CD48;db_xref=MIM:109530;description=CD48 molecule;gbkey=Gene;gene=CD48;gene_biotype=protein_coding;gene_synonym=SLAMF2;coverage=0.999;sequence_ID=0.999;valid_ORFs=5;extra_copy_number=0;copy_num_ID=CD48_0	CD48
chr1	Liftoff	gene	159820310	159842476	.	+	.	ID=LOC124904439;gene_name=LOC124904439;db_xref=GeneID:124904439;gbkey=Gene;gene=LOC124904439;gene_biotype=protein_coding;coverage=0.999;sequence_ID=0.997;valid_ORFs=0;extra_copy_number=0;copy_num_ID=LOC124904439_0	LOC124904439
chr1	Liftoff	gene	166781991	166869980	.	-	.	ID=CD247;gene_name=CD247;db_xref=MIM:186780;description=CD247 molecule;gbkey=Gene;gene=CD247;gene_biotype=protein_coding;gene_synonym=TCRZ;coverage=1.0;sequence_ID=0.999;valid_ORFs=6;extra_copy_number=0;copy_num_ID=CD247_0	CD247
chr1	Liftoff	gene	166806133	166830289	.	+	.	ID=LOC101928512;gene_name=LOC101928512;db_xref=GeneID:101928512;gbkey=Gene;gene=LOC101928512;gene_biotype=lncRNA;coverage=1.0;sequence_ID=0.998;extra_copy_number=0;copy_num_ID=LOC101928512_0	LOC101928512
chr1	Liftoff	gene	184154228	184331389	.	-	.	ID=NIBAN1;gene_name=NIBAN1;db_xref=MIM:619294;description=niban apoptosis regulator 1;gbkey=Gene;gene=NIBAN1;gene_biotype=protein_coding;gene_synonym=NIBAN;coverage=0.999;sequence_ID=0.999;valid_ORFs=6;extra_copy_number=0;copy_num_ID=NIBAN1_0	NIBAN1
chr1	Liftoff	gene	184174102	184200105	.	+	.	ID=LOC107985238;gene_name=LOC107985238;db_xref=GeneID:107985238;gbkey=Gene;gene=LOC107985238;gene_biotype=lncRNA;coverage=1.0;sequence_ID=1.0;extra_copy_number=0;copy_num_ID=LOC107985238_0	LOC107985238
chr1	Liftoff	gene	202890048	203007281	.	+	.	ID=ATP2B4;gene_name=ATP2B4;db_xref=MIM:108732;description=ATPase plasma membrane Ca2+ transporting 4;gbkey=Gene;gene=ATP2B4;gene_biotype=protein_coding;gene_synonym=PMCA4x;coverage=1.0;sequence_ID=0.999;valid_ORFs=4;extra_copy_number=0;copy_num_ID=ATP2B4_0	ATP2B4
chr1	Liftoff	gene	203000394	203007759	.	-	.	ID=LOC102723543;gene_name=LOC102723543;db_xref=GeneID:102723543;gbkey=Gene;gene=LOC102723543;gene_biotype=lncRNA;coverage=1.0;sequence_ID=0.999;extra_copy_number=0;copy_num_ID=LOC102723543_0	LOC102723543
chr1	Liftoff	gene	225332550	225334473	.	-	.	ID=LOC124904586;gene_name=LOC124904586;db_xref=GeneID:124904586;gbkey=Gene;gene=LOC124904586;gene_biotype=transcribed_pseudogene;pseudo=true;coverage=0.996;sequence_ID=0.996;extra_copy_number=0;copy_num_ID=LOC124904586_0	LOC124904586
chr1	Liftoff	gene	225332550	225374626	.	-	.	ID=ACBD3;gene_name=ACBD3;db_xref=MIM:606809;description=acyl-CoA binding domain containing 3;gbkey=Gene;gene=ACBD3;gene_biotype=protein_coding;gene_synonym=PAP7;coverage=0.999;sequence_ID=0.998;valid_ORFs=1;extra_copy_number=0;copy_num_ID=ACBD3_0	ACBD3
chr1	Liftoff	gene	232334559	232337888	.	-	.	ID=LOC107985361;gene_name=LOC107985361;db_xref=GeneID:107985361;gbkey=Gene;gene=LOC107985361;gene_biotype=lncRNA;coverage=1.0;sequence_ID=0.997;extra_copy_number=0;copy_num_ID=LOC107985361_0	LOC107985361
chr1	Liftoff	gene	232336950	232370221	.	+	.	ID=NTPCR;gene_name=NTPCR;db_xref=HGNC:HGNC:28204;description=nucleoside-triphosphatase%2C cancer-related;gbkey=Gene;gene=NTPCR;gene_biotype=protein_coding;gene_synonym=THEP1;coverage=0.999;sequence_ID=0.997;valid_ORFs=3;extra_copy_number=0;copy_num_ID=NTPCR_0	NTPCR
chr1	Liftoff	gene	233291129	233714625	.	+	.	ID=SLC35F3;gene_name=SLC35F3;db_xref=HGNC:HGNC:23616;description=solute carrier family 35 member F3;gbkey=Gene;gene=SLC35F3;gene_biotype=protein_coding;coverage=1.0;sequence_ID=1.0;valid_ORFs=2;extra_copy_number=0;copy_num_ID=SLC35F3_0	SLC35F3
chr1	Liftoff	gene	233663165	233666934	.	+	.	ID=LOC105373206;gene_name=LOC105373206;db_xref=GeneID:105373206;gbkey=Gene;gene=LOC105373206;gene_biotype=lncRNA;coverage=1.0;sequence_ID=0.997;extra_copy_number=0;copy_num_ID=LOC105373206_0	LOC105373206
chr2	Liftoff	gene	10151280	10239549	.	+	.	ID=RRM2;gene_name=RRM2;db_xref=MIM:180390;description=ribonucleotide reductase regulatory subunit M2;gbkey=Gene;gene=RRM2;gene_biotype=protein_coding;gene_synonym=RR2M;coverage=1.0;sequence_ID=0.999;valid_ORFs=2;extra_copy_number=0;copy_num_ID=RRM2_0	RRM2
chr2	Liftoff	gene	10227370	10230014	.	-	.	ID=LOC105373424;gene_name=LOC105373424;db_xref=GeneID:105373424;gbkey=Gene;gene=LOC105373424;gene_biotype=lncRNA;coverage=1.0;sequence_ID=1.0;extra_copy_number=0;copy_num_ID=LOC105373424_0	LOC105373424
chr2	Liftoff	gene	10331479	10457205	.	+	.	ID=HPCAL1;gene_name=HPCAL1;db_xref=MIM:600207;description=hippocalcin like 1;gbkey=Gene;gene=HPCAL1;gene_biotype=protein_coding;gene_synonym=VILIP-3;coverage=0.999;sequence_ID=0.998;valid_ORFs=19;extra_copy_number=0;copy_num_ID=HPCAL1_0	HPCAL1
chr2	Liftoff	gene	10437073	10448070	.	-	.	ID=LOC124905972;gene_name=LOC124905972;db_xref=GeneID:124905972;gbkey=Gene;gene=LOC124905972;gene_biotype=lncRNA;coverage=1.0;sequence_ID=0.997;extra_copy_number=0;copy_num_ID=LOC124905972_0	LOC124905972
chr2	Liftoff	gene	20282228	20385776	.	-	.	ID=PUM2;gene_name=PUM2;db_xref=MIM:607205;description=pumilio RNA binding family member 2;gbkey=Gene;gene=PUM2;gene_biotype=protein_coding;gene_synonym=PUML2;coverage=1.0;sequence_ID=0.999;valid_ORFs=55;extra_copy_number=0;copy_num_ID=PUM2_0	PUM2
chr2	Liftoff	gene	20325063	20325786	.	-	.	ID=LOC100421404;gene_name=LOC100421404;db_xref=GeneID:100421404;description=RP9%2C pre-mRNA splicing factor pseudogene;gbkey=Gene;gene=LOC100421404;gene_biotype=pseudogene;pseudo=true;coverage=1.0;sequence_ID=0.997;extra_copy_number=0;copy_num_ID=LOC100421404_0	LOC100421404
chr2	Liftoff	gene	27931830	28382185	.	+	.	ID=BABAM2;gene_name=BABAM2;db_xref=MIM:610497;description=BRISC and BRCA1 A complex member 2;gbkey=Gene;gene=BABAM2;gene_biotype=protein_coding;gene_synonym=BRE;coverage=1.0;sequence_ID=1.0;valid_ORFs=10;extra_copy_number=0;copy_num_ID=BABAM2_0	BABAM2
chr2	Liftoff	gene	28191820	28250260	.	-	.	ID=LOC100505736;gene_name=LOC100505736;db_xref=GeneID:100505736;description=uncharacterized LOC100505736;gbkey=Gene;gene=LOC100505736;gene_biotype=lncRNA;coverage=1.0;sequence_ID=0.999;extra_copy_number=0;copy_num_ID=LOC100505736_0	LOC100505736
chr2	Liftoff	gene	44367249	44777914	.	+	.	ID=CAMKMT;gene_name=CAMKMT;db_xref=MIM:609559;description=calmodulin-lysine N-methyltransferase;gbkey=Gene;gene=CAMKMT;gene_biotype=protein_coding;gene_synonym=KMT;coverage=0.999;sequence_ID=0.998;valid_ORFs=8;extra_copy_number=0;copy_num_ID=CAMKMT_0	CAMKMT
chr2	Liftoff	gene	44448326	44472868	.	+	.	ID=LOC124905999;gene_name=LOC124905999;db_xref=GeneID:124905999;gbkey=Gene;gene=LOC124905999;gene_biotype=lncRNA;coverage=0.998;sequence_ID=0.997;extra_copy_number=0;copy_num_ID=LOC124905999_0	LOC124905999
chr2	Liftoff	gene	64533766	64602433	.	+	.	ID=AFTPH;gene_name=AFTPH;db_xref=MIM:619628;description=aftiphilin;gbkey=Gene;gene=AFTPH;gene_biotype=protein_coding;gene_synonym=Nbla10388;coverage=1.0;sequence_ID=1.0;valid_ORFs=10;extra_copy_number=0;copy_num_ID=AFTPH_0	AFTPH
chr2	Liftoff	gene	64548179	64616681	.	-	.	ID=LOC105374773;gene_name=LOC105374773;db_xref=GeneID:105374773;gbkey=Gene;gene=LOC105374773;gene_biotype=lncRNA;coverage=1.0;sequence_ID=1.0;extra_copy_number=0;copy_num_ID=LOC105374773_0	LOC105374773
chr2	Liftoff	gene	68189412	68263096	.	-	.	ID=PPP3R1;gene_name=PPP3R1;db_xref=MIM:601302;description=protein phosphatase 3 regulatory subunit B%2C alpha;gbkey=Gene;gene=PPP3R1;gene_biotype=protein_coding;gene_synonym=CNB1;coverage=1.0;sequence_ID=1.0;valid_ORFs=1;extra_copy_number=0;copy_num_ID=PPP3R1_0	PPP3R1
chr2	Liftoff	gene	68262167	68310577	.	+	.	ID=LOC107985892;gene_name=LOC107985892;db_xref=GeneID:107985892;gbkey=Gene;gene=LOC107985892;gene_biotype=lncRNA;coverage=1.0;sequence_ID=1.0;extra_copy_number=0;copy_num_ID=LOC107985892_0	LOC107985892
chr2	Liftoff	gene	68722998	68839279	.	+	.	ID=ARHGAP25;gene_name=ARHGAP25;db_xref=MIM:610587;description=Rho GTPase activating protein 25;gbkey=Gene;gene=ARHGAP25;gene_biotype=protein_coding;gene_synonym=KAIA0053;coverage=1.0;sequence_ID=0.999;valid_ORFs=11;extra_copy_number=0;copy_num_ID=ARHGAP25_0	ARHGAP25
chr2	Liftoff	gene	68765967	68775141	.	-	.	ID=LOC105374790;gene_name=LOC105374790;db_xref=GeneID:105374790;gbkey=Gene;gene=LOC105374790;gene_biotype=lncRNA;coverage=1.0;sequence_ID=1.0;extra_copy_number=0;copy_num_ID=LOC105374790_0	LOC105374790
chr2	Liftoff	gene	73831328	73838585	.	-	.	ID=LOC105374807;gene_name=LOC105374807;db_xref=GeneID:105374807;gbkey=Gene;gene=LOC105374807;gene_biotype=lncRNA;coverage=1.0;sequence_ID=1.0;extra_copy_number=0;copy_num_ID=LOC105374807_0	LOC105374807
chr2	Liftoff	gene	73837148	73881820	.	+	.	ID=STAMBP;gene_name=STAMBP;db_xref=MIM:606247;description=STAM binding protein;gbkey=Gene;gene=STAMBP;gene_biotype=protein_coding;gene_synonym=MICCAP;coverage=1.0;sequence_ID=1.0;valid_ORFs=24;extra_copy_number=0;copy_num_ID=STAMBP_0	STAMBP
chr2	Liftoff	gene	75671995	75722342	.	-	.	ID=GCFC2;gene_name=GCFC2;db_xref=MIM:189901;description=GC-rich sequence DNA-binding factor 2;gbkey=Gene;gene=GCFC2;gene_biotype=protein_coding;gene_synonym=TCF9;coverage=1.0;sequence_ID=1.0;valid_ORFs=10;extra_copy_number=0;copy_num_ID=GCFC2_0	GCFC2
chr2	Liftoff	gene	75681536	75701191	.	+	.	ID=LOC124906025;gene_name=LOC124906025;db_xref=GeneID:124906025;gbkey=Gene;gene=LOC124906025;gene_biotype=lncRNA;coverage=1.0;sequence_ID=0.999;extra_copy_number=0;copy_num_ID=LOC124906025_0	LOC124906025
chr2	Liftoff	gene	84903468	84908846	.	-	.	ID=LOC105374836;gene_name=LOC105374836;db_xref=GeneID:105374836;gbkey=Gene;gene=LOC105374836;gene_biotype=lncRNA;coverage=1.0;sequence_ID=1.0;extra_copy_number=0;copy_num_ID=LOC105374836_0	LOC105374836
chr2	Liftoff	gene	84907481	84908496	.	+	.	ID=TMSB10;gene_name=TMSB10;db_xref=MIM:188399;description=thymosin beta 10;gbkey=Gene;gene=TMSB10;gene_biotype=protein_coding;gene_synonym=TB10;coverage=1.0;sequence_ID=1.0;valid_ORFs=1;extra_copy_number=0;copy_num_ID=TMSB10_0	TMSB10
chr2	Liftoff	gene	95532209	95560493	.	+	.	ID=MAL;gene_name=MAL;db_xref=MIM:188860;description=mal%2C T cell differentiation protein;gbkey=Gene;gene=MAL;gene_biotype=protein_coding;gene_synonym=VIP17;coverage=1.0;sequence_ID=1.0;valid_ORFs=4;extra_copy_number=0;copy_num_ID=MAL_0	MAL
chr2	Liftoff	gene	95552386	95554574	.	-	.	ID=LOC124906047;gene_name=LOC124906047;db_xref=GeneID:124906047;gbkey=Gene;gene=LOC124906047;gene_biotype=lncRNA;coverage=1.0;sequence_ID=1.0;extra_copy_number=0;copy_num_ID=LOC124906047_0	LOC124906047
chr2	Liftoff	gene	101711589	101729019	.	+	.	ID=CNOT11;gene_name=CNOT11;db_xref=HGNC:HGNC:25217;description=CCR4-NOT transcription complex subunit 11;gbkey=Gene;gene=CNOT11;gene_biotype=protein_coding;gene_synonym=C40;coverage=1.0;sequence_ID=1.0;valid_ORFs=1;extra_copy_number=0;copy_num_ID=CNOT11_0	CNOT11
chr2	Liftoff	gene	101717518	101725380	.	-	.	ID=LOC105373511;gene_name=LOC105373511;db_xref=GeneID:105373511;gbkey=Gene;gene=LOC105373511;gene_biotype=lncRNA;coverage=1.0;sequence_ID=1.0;extra_copy_number=0;copy_num_ID=LOC105373511_0	LOC105373511
chr2	Liftoff	gene	101729922	101767398	.	-	.	ID=RNF149;gene_name=RNF149;db_xref=HGNC:HGNC:23137;description=ring finger protein 149;gbkey=Gene;gene=RNF149;gene_biotype=protein_coding;gene_synonym=DNAPTP2;coverage=1.0;sequence_ID=0.999;valid_ORFs=5;extra_copy_number=0;copy_num_ID=RNF149_0	RNF149
chr2	Liftoff	gene	101757117	101762890	.	-	.	ID=LOC124906052;gene_name=LOC124906052;db_xref=GeneID:124906052;gbkey=Gene;gene=LOC124906052;gene_biotype=lncRNA;coverage=0.998;sequence_ID=0.998;extra_copy_number=0;copy_num_ID=LOC124906052_0	LOC124906052
chr2	Liftoff	gene	111618930	111920924	.	-	.	ID=MIR4435-2HG;gene_name=MIR4435-2HG;db_xref=MIM:617144;description=MIR4435-2 host gene;gbkey=Gene;gene=MIR4435-2HG;gene_biotype=lncRNA;gene_synonym=MORRBID;coverage=1.0;sequence_ID=0.999;extra_copy_number=0;copy_num_ID=MIR4435-2HG_0	MIR4435-2HG
chr2	Liftoff	gene	111691131	111716937	.	+	.	ID=LOC101927283;gene_name=LOC101927283;db_xref=GeneID:101927283;gbkey=Gene;gene=LOC101927283;gene_biotype=lncRNA;coverage=0.999;sequence_ID=0.998;extra_copy_number=0;copy_num_ID=LOC101927283_0	LOC101927283
chr2	Liftoff	gene	114255824	114315648	.	-	.	ID=ACTR3-AS1;gene_name=ACTR3-AS1;db_xref=HGNC:HGNC:53965;description=ACTR3 antisense RNA 1;gbkey=Gene;gene=ACTR3-AS1;gene_biotype=lncRNA;coverage=1.0;sequence_ID=0.994;extra_copy_number=0;copy_num_ID=ACTR3-AS1_0	ACTR3-AS1
chr2	Liftoff	gene	114303117	114314423	.	-	.	ID=LOC124906071;gene_name=LOC124906071;db_xref=GeneID:124906071;gbkey=Gene;gene=LOC124906071;gene_biotype=lncRNA;coverage=1.0;sequence_ID=0.998;extra_copy_number=0;copy_num_ID=LOC124906071_0	LOC124906071
chr2	Liftoff	gene	128293568	128322446	.	+	.	ID=LOC107985803;gene_name=LOC107985803;db_xref=GeneID:107985803;description=uncharacterized LOC107985803;gbkey=Gene;gene=LOC107985803;gene_biotype=pseudogene;pseudo=true;coverage=0.999;sequence_ID=0.999;extra_copy_number=0;copy_num_ID=LOC107985803_0	LOC107985803
chr2	Liftoff	gene	128296887	128321215	.	-	.	ID=AMMECR1L;gene_name=AMMECR1L;db_xref=HGNC:HGNC:28658;description=AMMECR1 like;gbkey=Gene;gene=AMMECR1L;gene_biotype=protein_coding;coverage=1.0;sequence_ID=0.999;valid_ORFs=8;extra_copy_number=0;copy_num_ID=AMMECR1L_0	AMMECR1L
chr2	Liftoff	gene	143577714	144216567	.	+	.	ID=ARHGAP15;gene_name=ARHGAP15;db_xref=MIM:610578;description=Rho GTPase activating protein 15;gbkey=Gene;gene=ARHGAP15;gene_biotype=protein_coding;gene_synonym=BM046;coverage=0.999;sequence_ID=0.999;valid_ORFs=12;extra_copy_number=0;copy_num_ID=ARHGAP15_0	ARHGAP15
chr2	Liftoff	gene	143603865	143621613	.	+	.	ID=LOC107985949;gene_name=LOC107985949;db_xref=GeneID:107985949;gbkey=Gene;gene=LOC107985949;gene_biotype=lncRNA;coverage=0.999;sequence_ID=0.998;extra_copy_number=0;copy_num_ID=LOC107985949_0	LOC107985949
chr2	Liftoff	gene	148471381	148967332	.	+	.	ID=MBD5;gene_name=MBD5;db_xref=MIM:611472;description=methyl-CpG binding domain protein 5;gbkey=Gene;gene=MBD5;gene_biotype=protein_coding;gene_synonym=MRD1;coverage=0.999;sequence_ID=0.999;valid_ORFs=31;extra_copy_number=0;copy_num_ID=MBD5_0	MBD5
chr2	Liftoff	gene	148484048	148518823	.	-	.	ID=LOC105373673;gene_name=LOC105373673;db_xref=GeneID:105373673;gbkey=Gene;gene=LOC105373673;gene_biotype=lncRNA;coverage=1.0;sequence_ID=1.0;extra_copy_number=0;copy_num_ID=LOC105373673_0	LOC105373673
chr2	Liftoff	gene	158913757	159138252	.	+	.	ID=PKP4;gene_name=PKP4;db_xref=MIM:604276;description=plakophilin 4;gbkey=Gene;gene=PKP4;gene_biotype=protein_coding;gene_synonym=p0071;coverage=0.999;sequence_ID=0.999;valid_ORFs=14;extra_copy_number=0;copy_num_ID=PKP4_0	PKP4
chr2	Liftoff	gene	158913936	158914939	.	-	.	ID=LOC124907900;gene_name=LOC124907900;db_xref=GeneID:124907900;gbkey=Gene;gene=LOC124907900;gene_biotype=protein_coding;coverage=1.0;sequence_ID=0.995;valid_ORFs=1;extra_copy_number=0;copy_num_ID=LOC124907900_0	LOC124907900
chr2	Liftoff	gene	179298043	179533308	.	-	.	ID=CCDC141;gene_name=CCDC141;db_xref=MIM:616031;description=coiled-coil domain containing 141;gbkey=Gene;gene=CCDC141;gene_biotype=protein_coding;gene_synonym=CAMDI;coverage=0.999;sequence_ID=0.999;valid_ORFs=14;extra_copy_number=0;copy_num_ID=CCDC141_0	CCDC141
chr2	Liftoff	gene	179365956	179405446	.	+	.	ID=LOC105373766;gene_name=LOC105373766;db_xref=GeneID:105373766;gbkey=Gene;gene=LOC105373766;gene_biotype=lncRNA;coverage=1.0;sequence_ID=0.997;extra_copy_number=0;copy_num_ID=LOC105373766_0	LOC105373766
chr2	Liftoff	gene	200789476	200965756	.	+	.	ID=SPATS2L;gene_name=SPATS2L;db_xref=MIM:613817;description=spermatogenesis associated serine rich 2 like;gbkey=Gene;gene=SPATS2L;gene_biotype=protein_coding;gene_synonym=SGNP;coverage=0.994;sequence_ID=0.993;valid_ORFs=15;extra_copy_number=0;copy_num_ID=SPATS2L_0	SPATS2L
chr2	Liftoff	gene	200880222	200961510	.	-	.	ID=LOC101927741;gene_name=LOC101927741;db_xref=GeneID:101927741;gbkey=Gene;gene=LOC101927741;gene_biotype=lncRNA;coverage=0.999;sequence_ID=0.999;extra_copy_number=0;copy_num_ID=LOC101927741_0	LOC101927741
chr2	Liftoff	gene	201446878	201502518	.	+	.	ID=LOC105373835;gene_name=LOC105373835;db_xref=GeneID:105373835;gbkey=Gene;gene=LOC105373835;gene_biotype=lncRNA;coverage=1.0;sequence_ID=1.0;extra_copy_number=0;copy_num_ID=LOC105373835_0	LOC105373835
chr2	Liftoff	gene	201457164	201555113	.	-	.	ID=FAM126B;gene_name=FAM126B;db_xref=HGNC:HGNC:28593;description=family with sequence similarity 126 member B;gbkey=Gene;gene=FAM126B;gene_biotype=protein_coding;gene_synonym=HYCC2;coverage=1.0;sequence_ID=1.0;valid_ORFs=20;extra_copy_number=0;copy_num_ID=FAM126B_0	FAM126B
chr2	Liftoff	gene	204414206	204422646	.	-	.	ID=LOC101927840;gene_name=LOC101927840;db_xref=GeneID:101927840;gbkey=Gene;gene=LOC101927840;gene_biotype=lncRNA;coverage=0.998;sequence_ID=0.998;extra_copy_number=0;copy_num_ID=LOC101927840_0	LOC101927840
chr2	Liftoff	gene	204418652	204443466	.	+	.	ID=ICOS;gene_name=ICOS;db_xref=MIM:604558;description=inducible T cell costimulator;gbkey=Gene;gene=ICOS;gene_biotype=protein_coding;gene_synonym=CVID1;coverage=1.0;sequence_ID=0.998;valid_ORFs=2;extra_copy_number=0;copy_num_ID=ICOS_0	ICOS
chr2	Liftoff	gene	223052236	223141156	.	-	.	ID=FARSB;gene_name=FARSB;db_xref=MIM:609690;description=phenylalanyl-tRNA synthetase subunit beta;gbkey=Gene;gene=FARSB;gene_biotype=protein_coding;gene_synonym=RILDBC1;coverage=1.0;sequence_ID=0.998;valid_ORFs=3;extra_copy_number=0;copy_num_ID=FARSB_0	FARSB
chr2	Liftoff	gene	223130687	223135962	.	+	.	ID=LOC105373902;gene_name=LOC105373902;db_xref=GeneID:105373902;gbkey=Gene;gene=LOC105373902;gene_biotype=lncRNA;coverage=1.0;sequence_ID=0.999;extra_copy_number=0;copy_num_ID=LOC105373902_0	LOC105373902
chr2	Liftoff	gene	223130981	223132385	.	-	.	ID=LOC100420353;gene_name=LOC100420353;db_xref=GeneID:100420353;description=tripartite motif containing 60 pseudogene;gbkey=Gene;gene=LOC100420353;gene_biotype=pseudogene;pseudo=true;coverage=1.0;sequence_ID=0.999;extra_copy_number=0;copy_num_ID=LOC100420353_0	LOC100420353
chr2	Liftoff	gene	230899281	231028667	.	+	.	ID=SP100;gene_name=SP100;db_xref=MIM:604585;description=SP100 nuclear antigen;gbkey=Gene;gene=SP100;gene_biotype=protein_coding;gene_synonym=lysp100b;coverage=1.0;sequence_ID=1.0;valid_ORFs=6;extra_copy_number=0;copy_num_ID=SP100_0	SP100
chr2	Liftoff	gene	230924511	230996365	.	-	.	ID=LOC101928816;gene_name=LOC101928816;db_xref=GeneID:101928816;gbkey=Gene;gene=LOC101928816;gene_biotype=lncRNA;coverage=1.0;sequence_ID=0.999;extra_copy_number=0;copy_num_ID=LOC101928816_0	LOC101928816
chr2	Liftoff	gene	234774357	234790895	.	-	.	ID=LOC105373933;gene_name=LOC105373933;db_xref=GeneID:105373933;gbkey=Gene;gene=LOC105373933;gene_biotype=lncRNA;coverage=1.0;sequence_ID=1.0;extra_copy_number=0;copy_num_ID=LOC105373933_0	LOC105373933
chr2	Liftoff	gene	241648673	241683461	.	+	.	ID=PPP1R7;gene_name=PPP1R7;db_xref=MIM:602877;description=protein phosphatase 1 regulatory subunit 7;gbkey=Gene;gene=PPP1R7;gene_biotype=protein_coding;gene_synonym=SDS22;coverage=1.0;sequence_ID=0.999;valid_ORFs=9;extra_copy_number=0;copy_num_ID=PPP1R7_0	PPP1R7
chr2	Liftoff	gene	241666782	241688226	.	-	.	ID=LOC105373971;gene_name=LOC105373971;db_xref=GeneID:105373971;gbkey=Gene;gene=LOC105373971;gene_biotype=lncRNA;coverage=1.0;sequence_ID=1.0;extra_copy_number=0;copy_num_ID=LOC105373971_0	LOC105373971
chr3	Liftoff	gene	4487354	4841309	.	+	.	ID=ITPR1;gene_name=ITPR1;db_xref=MIM:147265;description=inositol 1%2C4%2C5-trisphosphate receptor type 1;gbkey=Gene;gene=ITPR1;gene_biotype=protein_coding;gene_synonym=SCA29;coverage=1.0;sequence_ID=0.999;valid_ORFs=4;extra_copy_number=0;copy_num_ID=ITPR1_0	ITPR1
chr3	Liftoff	gene	4808082	4881470	.	-	.	ID=LOC124906209;gene_name=LOC124906209;db_xref=GeneID:124906209;gbkey=Gene;gene=LOC124906209;gene_biotype=lncRNA;coverage=0.999;sequence_ID=0.996;extra_copy_number=0;copy_num_ID=LOC124906209_0	LOC124906209
chr3	Liftoff	gene	12877845	12944395	.	+	.	ID=LOC105376956;gene_name=LOC105376956;db_xref=GeneID:105376956;gbkey=Gene;gene=LOC105376956;gene_biotype=lncRNA;coverage=1.0;sequence_ID=0.999;extra_copy_number=0;copy_num_ID=LOC105376956_0	LOC105376956
chr3	Liftoff	gene	12898545	13283599	.	-	.	ID=IQSEC1;gene_name=IQSEC1;db_xref=MIM:610166;description=IQ motif and Sec7 domain ArfGEF 1;gbkey=Gene;gene=IQSEC1;gene_biotype=protein_coding;gene_synonym=IDDSSBA;coverage=1.0;sequence_ID=0.999;valid_ORFs=32;extra_copy_number=0;copy_num_ID=IQSEC1_0	IQSEC1
chr3	Liftoff	gene	16252413	16261639	.	+	.	ID=LOC124906218;gene_name=LOC124906218;db_xref=GeneID:124906218;gbkey=Gene;gene=LOC124906218;gene_biotype=lncRNA;coverage=1.0;sequence_ID=0.999;extra_copy_number=0;copy_num_ID=LOC124906218_0	LOC124906218
chr3	Liftoff	gene	16258288	16266169	.	-	.	ID=DPH3;gene_name=DPH3;db_xref=MIM:608959;description=diphthamide biosynthesis 3;gbkey=Gene;gene=DPH3;gene_biotype=protein_coding;gene_synonym=ZCSL2;coverage=1.0;sequence_ID=0.999;valid_ORFs=2;extra_copy_number=0;copy_num_ID=DPH3_0	DPH3
chr3	Liftoff	gene	52567715	52619364	.	+	.	ID=LOC124909379;gene_name=LOC124909379;db_xref=GeneID:124909379;gbkey=Gene;gene=LOC124909379;gene_biotype=lncRNA;coverage=1.0;sequence_ID=1.0;extra_copy_number=0;copy_num_ID=LOC124909379_0	LOC124909379
chr3	Liftoff	gene	52578272	52718824	.	-	.	ID=PBRM1;gene_name=PBRM1;db_xref=MIM:606083;description=polybromo 1;gbkey=Gene;gene=PBRM1;gene_biotype=protein_coding;gene_synonym=SMARCH1;coverage=1.0;sequence_ID=0.999;valid_ORFs=84;extra_copy_number=0;copy_num_ID=PBRM1_0	PBRM1
chr3	Liftoff	gene	53302976	53328861	.	+	.	ID=LOC107986087;gene_name=LOC107986087;db_xref=GeneID:107986087;gbkey=Gene;gene=LOC107986087;gene_biotype=lncRNA;coverage=1.0;sequence_ID=1.0;extra_copy_number=0;copy_num_ID=LOC107986087_0	LOC107986087
chr3	Liftoff	gene	53316420	53380518	.	-	.	ID=DCP1A;gene_name=DCP1A;db_xref=MIM:607010;description=decapping mRNA 1A;gbkey=Gene;gene=DCP1A;gene_biotype=protein_coding;gene_synonym=SMIF;coverage=0.999;sequence_ID=0.999;valid_ORFs=5;extra_copy_number=0;copy_num_ID=DCP1A_0	DCP1A
chr3	Liftoff	gene	57267997	57313740	.	+	.	ID=APPL1;gene_name=APPL1;db_xref=MIM:604299;description=adaptor protein%2C phosphotyrosine interacting with PH domain and leucine zipper 1;gbkey=Gene;gene=APPL1;gene_biotype=protein_coding;gene_synonym=MODY14;coverage=0.999;sequence_ID=0.998;valid_ORFs=2;extra_copy_number=0;copy_num_ID=APPL1_0	APPL1
chr3	Liftoff	gene	57308608	57332970	.	-	.	ID=ASB14;gene_name=ASB14;db_xref=HGNC:HGNC:19766;description=ankyrin repeat and SOCS box containing 14;gbkey=Gene;gene=ASB14;gene_biotype=protein_coding;coverage=1.0;sequence_ID=0.999;valid_ORFs=4;extra_copy_number=0;copy_num_ID=ASB14_0	ASB14
chr3	Liftoff	gene	57309837	57318398	.	+	.	ID=LOC105377102;gene_name=LOC105377102;db_xref=GeneID:105377102;description=uncharacterized LOC105377102;gbkey=Gene;gene=LOC105377102;gene_biotype=lncRNA;coverage=1.0;sequence_ID=0.998;extra_copy_number=0;copy_num_ID=LOC105377102_0	LOC105377102
chr3	Liftoff	gene	102522903	102887068	.	+	.	ID=CMSS1;gene_name=CMSS1;db_xref=HGNC:HGNC:28666;description=cms1 ribosomal small subunit homolog;gbkey=Gene;gene=CMSS1;gene_biotype=protein_coding;gene_synonym=C3orf26;coverage=1.0;sequence_ID=1.0;valid_ORFs=2;extra_copy_number=0;copy_num_ID=CMSS1_0	CMSS1
chr3	Liftoff	gene	102533856	102819829	.	-	.	ID=FILIP1L;gene_name=FILIP1L;db_xref=MIM:612993;description=filamin A interacting protein 1 like;gbkey=Gene;gene=FILIP1L;gene_biotype=protein_coding;gene_synonym=GIP90;coverage=0.999;sequence_ID=0.999;valid_ORFs=11;extra_copy_number=0;copy_num_ID=FILIP1L_0	FILIP1L
chr3	Liftoff	gene	102716199	102754568	.	+	.	ID=LOC124909400;gene_name=LOC124909400;db_xref=GeneID:124909400;gbkey=Gene;gene=LOC124909400;gene_biotype=lncRNA;coverage=0.999;sequence_ID=0.999;extra_copy_number=0;copy_num_ID=LOC124909400_0	LOC124909400
chr3	Liftoff	gene	104389055	104416443	.	+	.	ID=LOC124906262;gene_name=LOC124906262;db_xref=GeneID:124906262;gbkey=Gene;gene=LOC124906262;gene_biotype=protein_coding;coverage=0.999;sequence_ID=0.999;valid_ORFs=5;extra_copy_number=0;copy_num_ID=LOC124906262_0	LOC124906262
chr3	Liftoff	gene	104393768	104399383	.	-	.	ID=RPL24;gene_name=RPL24;db_xref=MIM:604180;description=ribosomal protein L24;gbkey=Gene;gene=RPL24;gene_biotype=protein_coding;gene_synonym=L24;coverage=1.0;sequence_ID=1.0;valid_ORFs=1;extra_copy_number=0;copy_num_ID=RPL24_0	RPL24
chr3	Liftoff	gene	125245195	125279208	.	+	.	ID=LOC105374071;gene_name=LOC105374071;db_xref=GeneID:105374071;gbkey=Gene;gene=LOC105374071;gene_biotype=lncRNA;coverage=1.0;sequence_ID=1.0;extra_copy_number=0;copy_num_ID=LOC105374071_0	LOC105374071
chr3	Liftoff	gene	125247222	125284030	.	-	.	ID=PARP9;gene_name=PARP9;db_xref=MIM:612065;description=poly(ADP-ribose) polymerase family member 9;gbkey=Gene;gene=PARP9;gene_biotype=protein_coding;gene_synonym=MGC:7868;coverage=0.999;sequence_ID=0.999;valid_ORFs=23;extra_copy_number=0;copy_num_ID=PARP9_0	PARP9
chr3	Liftoff	gene	130333077	130357098	.	+	.	ID=MCM2;gene_name=MCM2;db_xref=MIM:116945;description=minichromosome maintenance complex component 2;gbkey=Gene;gene=MCM2;gene_biotype=protein_coding;gene_synonym=MITOTIN;coverage=1.0;sequence_ID=0.999;valid_ORFs=2;extra_copy_number=0;copy_num_ID=MCM2_0	MCM2
chr3	Liftoff	gene	130357065	130363625	.	-	.	ID=LOC107986126;gene_name=LOC107986126;db_xref=GeneID:107986126;gbkey=Gene;gene=LOC107986126;gene_biotype=lncRNA;coverage=1.0;sequence_ID=1.0;extra_copy_number=0;copy_num_ID=LOC107986126_0	LOC107986126
chr3	Liftoff	gene	146012562	146595091	.	-	.	ID=SLC9A9;gene_name=SLC9A9;db_xref=MIM:608396;description=solute carrier family 9 member A9;gbkey=Gene;gene=SLC9A9;gene_biotype=protein_coding;gene_synonym=NHE9;coverage=1.0;sequence_ID=0.999;valid_ORFs=5;extra_copy_number=0;copy_num_ID=SLC9A9_0	SLC9A9
chr3	Liftoff	gene	146312313	146341838	.	+	.	ID=LOC124906294;gene_name=LOC124906294;db_xref=GeneID:124906294;gbkey=Gene;gene=LOC124906294;gene_biotype=lncRNA;coverage=1.0;sequence_ID=0.997;extra_copy_number=0;copy_num_ID=LOC124906294_0	LOC124906294
chr3	Liftoff	gene	153298042	153337277	.	+	.	ID=EIF2A;gene_name=EIF2A;db_xref=MIM:609234;description=eukaryotic translation initiation factor 2A;gbkey=Gene;gene=EIF2A;gene_biotype=protein_coding;gene_synonym=MSTP089;coverage=0.999;sequence_ID=0.998;valid_ORFs=8;extra_copy_number=0;copy_num_ID=EIF2A_0	EIF2A
chr3	Liftoff	gene	153315640	153354419	.	-	.	ID=LOC124900547;gene_name=LOC124900547;db_xref=GeneID:124900547;gbkey=Gene;gene=LOC124900547;gene_biotype=lncRNA;coverage=1.0;sequence_ID=0.998;extra_copy_number=0;copy_num_ID=LOC124900547_0	LOC124900547
chr3	Liftoff	gene	173842724	174244711	.	-	.	ID=TNIK;gene_name=TNIK;db_xref=MIM:610005;description=TRAF2 and NCK interacting kinase;gbkey=Gene;gene=TNIK;gene_biotype=protein_coding;gene_synonym=MRT54;coverage=1.0;sequence_ID=0.999;valid_ORFs=8;extra_copy_number=0;copy_num_ID=TNIK_0	TNIK
chr3	Liftoff	gene	173886453	173945481	.	+	.	ID=LOC105374216;gene_name=LOC105374216;db_xref=GeneID:105374216;gbkey=Gene;gene=LOC105374216;gene_biotype=lncRNA;coverage=1.0;sequence_ID=0.999;extra_copy_number=0;copy_num_ID=LOC105374216_0	LOC105374216
chr3	Liftoff	gene	175290584	175308501	.	-	.	ID=TNFSF10;gene_name=TNFSF10;db_xref=MIM:603598;description=TNF superfamily member 10;gbkey=Gene;gene=TNFSF10;gene_biotype=protein_coding;gene_synonym=TRAIL;coverage=0.999;sequence_ID=0.999;valid_ORFs=3;extra_copy_number=0;copy_num_ID=TNFSF10_0	TNFSF10
chr3	Liftoff	gene	175307299	175307972	.	+	.	ID=LOC100856791;gene_name=LOC100856791;db_xref=GeneID:100856791;description=TBP-like 1 pseudogene;gbkey=Gene;gene=LOC100856791;gene_biotype=pseudogene;pseudo=true;coverage=1.0;sequence_ID=1.0;extra_copy_number=0;copy_num_ID=LOC100856791_0	LOC100856791
chr3	Liftoff	gene	189748335	189896308	.	+	.	ID=ST6GAL1;gene_name=ST6GAL1;db_xref=MIM:109675;description=ST6 beta-galactoside alpha-2%2C6-sialyltransferase 1;gbkey=Gene;gene=ST6GAL1;gene_biotype=protein_coding;gene_synonym=ST6N;coverage=1.0;sequence_ID=1.0;valid_ORFs=4;extra_copy_number=0;copy_num_ID=ST6GAL1_0	ST6GAL1
chr3	Liftoff	gene	189801107	189812688	.	-	.	ID=LOC124906314;gene_name=LOC124906314;db_xref=GeneID:124906314;gbkey=Gene;gene=LOC124906314;gene_biotype=lncRNA;coverage=0.988;sequence_ID=0.986;extra_copy_number=0;copy_num_ID=LOC124906314_0	LOC124906314
chr3	Liftoff	gene	190538887	190562977	.	-	.	ID=BCL6;gene_name=BCL6;db_xref=MIM:109565;description=BCL6 transcription repressor;gbkey=Gene;gene=BCL6;gene_biotype=protein_coding;gene_synonym=ZNF51;coverage=1.0;sequence_ID=0.999;valid_ORFs=6;extra_copy_number=0;copy_num_ID=BCL6_0	BCL6
chr3	Liftoff	gene	190561178	190563535	.	+	.	ID=LOC122526776;gene_name=LOC122526776;db_xref=GeneID:122526776;description=uncharacterized LOC122526776;gbkey=Gene;gene=LOC122526776;gene_biotype=lncRNA;coverage=1.0;sequence_ID=1.0;extra_copy_number=0;copy_num_ID=LOC122526776_0	LOC122526776
chr3	Liftoff	gene	190610107	190613213	.	-	.	ID=LOC105374263;gene_name=LOC105374263;db_xref=GeneID:105374263;gbkey=Gene;gene=LOC105374263;gene_biotype=lncRNA;coverage=1.0;sequence_ID=0.998;extra_copy_number=0;copy_num_ID=LOC105374263_0	LOC105374263
chr3	Liftoff	gene	190970544	191707297	.	+	.	ID=LPP;gene_name=LPP;db_xref=MIM:600700;description=LIM domain containing preferred translocation partner in lipoma;gbkey=Gene;gene=LPP;gene_biotype=protein_coding;coverage=0.999;sequence_ID=0.997;valid_ORFs=58;extra_copy_number=0;copy_num_ID=LPP_0	LPP
chr3	Liftoff	gene	191422585	191463549	.	-	.	ID=LOC124906316;gene_name=LOC124906316;db_xref=GeneID:124906316;gbkey=Gene;gene=LOC124906316;gene_biotype=lncRNA;coverage=1.0;sequence_ID=0.998;extra_copy_number=0;copy_num_ID=LOC124906316_0	LOC124906316
chr3	Liftoff	gene	196288807	196394453	.	+	.	ID=OPA1;gene_name=OPA1;db_xref=MIM:605290;description=OPA1 mitochondrial dynamin like GTPase;gbkey=Gene;gene=OPA1;gene_biotype=protein_coding;gene_synonym=NTG;coverage=1.0;sequence_ID=0.999;valid_ORFs=20;extra_copy_number=0;copy_num_ID=OPA1_0	OPA1
chr3	Liftoff	gene	196343925	196379768	.	-	.	ID=LOC102724808;gene_name=LOC102724808;db_xref=GeneID:102724808;gbkey=Gene;gene=LOC102724808;gene_biotype=lncRNA;coverage=1.0;sequence_ID=1.0;extra_copy_number=0;copy_num_ID=LOC102724808_0	LOC102724808
chr3	Liftoff	gene	197371874	197383487	.	-	.	ID=LOC124909474;gene_name=LOC124909474;db_xref=GeneID:124909474;gbkey=Gene;gene=LOC124909474;gene_biotype=protein_coding;coverage=1.0;sequence_ID=0.995;valid_ORFs=0;extra_copy_number=0;copy_num_ID=LOC124909474_0	LOC124909474
chr3	Liftoff	gene	197382461	197385616	.	+	.	ID=FAM43A;gene_name=FAM43A;db_xref=HGNC:HGNC:26888;description=family with sequence similarity 43 member A;gbkey=Gene;gene=FAM43A;gene_biotype=protein_coding;coverage=1.0;sequence_ID=0.997;valid_ORFs=1;extra_copy_number=0;copy_num_ID=FAM43A_0	FAM43A
chr3	Liftoff	gene	200523608	200620895	.	+	.	ID=LRCH3;gene_name=LRCH3;db_xref=HGNC:HGNC:28637;description=leucine rich repeats and calponin homology domain containing 3;gbkey=Gene;gene=LRCH3;gene_biotype=protein_coding;coverage=0.999;sequence_ID=0.999;valid_ORFs=14;extra_copy_number=0;copy_num_ID=LRCH3_0	LRCH3
chr3	Liftoff	gene	200563779	200585149	.	-	.	ID=LOC105374310;gene_name=LOC105374310;db_xref=GeneID:105374310;gbkey=Gene;gene=LOC105374310;gene_biotype=lncRNA;coverage=1.0;sequence_ID=1.0;extra_copy_number=0;copy_num_ID=LOC105374310_0	LOC105374310
